EventId,Arrival Time,Departure Time,Waiting Time
1,0,5.62045,0
2,9,14.6205,0
4,14,19.6205,0
3,15.6205,21.2409,0
7,19.6205,25.2409,0
5,22,27.6205,0
6,24.6205,30.8614,0.620452
10,25.2409,33.2409,2.37955
8,25.6205,36.4818,5.2409
9,27.6205,38.8614,5.62045
11,29,42.1023,7.48181
12,29.6205,44.4818,9.2409
13,30.2409,47.7227,11.8614
17,32.6205,50.1023,11.8614
16,33.6205,53.3432,14.1023
14,34.2409,55.7227,15.8614
19,34.6205,58.9636,18.7227
15,34.6205,61.3432,21.1023
18,35,64.5841,23.9636
